ID,Category,Risk,P (1-5),I (1-5),P x I,Band,Probability,Dollar impact,Exposure (P x $),Early warning trigger
R3,Organizational / Adoption,"Departments keep using the shared inbox and spreadsheets, so the labor savings that justify the whole business case never materialize.",3,5,15,Critical,30%,95000,28500.0,Fewer than 60 percent of a pilot department's requests arrive through the tool after four weeks.
R2,Schedule / Cost,"Engineering effort is underestimated, pushing the build past the spring registration change freeze and over the approved capital budget.",5,4,20,Critical,45%,42000,18900.0,Two consecutive sprints close below 70 percent of committed points.
R5,Security / Compliance,"Ticket descriptions contain FERPA-protected student information while the prototype has no access control, creating a disclosure exposure and a failed pre-launch security review.",3,5,15,Critical,25%,60000,15000.0,Any ticket body containing a student ID is readable by an account without a demonstrated need to know.
R7,Scope,"Stakeholders demand a knowledge base, live chat, and a native mobile app before they will approve launch.",4,3,12,High,45%,30000,13500.0,More than three new must-have features are added in a single steering committee meeting.
R1,Technical,Okta/Duo single sign-on and the Banner roster sync take substantially longer than estimated because campus identity APIs are undocumented.,4,4,16,Critical,35%,34000,11900.0,Integration spike runs past its two-week timebox without a working token exchange.
R4,People / Key person,"Only one engineer understands the SLA and reporting logic, so any absence stops that work entirely.",3,4,12,High,30%,22000,6600.0,More than 60 percent of commits to the SLA and reporting modules come from a single author.
R8,Quality,"SLA and breach calculations go untested, management catches an incorrect number in a service review, and trust in the reporting is lost.",3,4,12,High,30%,20000,6000.0,A stakeholder disputes a dashboard figure that the team cannot trace back to individual tickets.
R9,Operational / Architecture,The prototype's single-file SQLite database does not survive concurrent campus-wide use and has to be migrated mid-project.,3,3,9,Moderate,30%,16000,4800.0,Database lock errors appear in logs once more than about 20 agents work the queue at once.
R6,External / Vendor,Canvas and Banner API changes during the summer upgrade window break the roster and course sync.,2,4,8,Moderate,20%,18000,3600.0,Vendor release notes announce a breaking change to an endpoint the integration depends on.
